49beded245266b02cc47c88d3a3dd88d4ad3a1621982681d4f214638290d5637	deploy/compose.acceptance.yml
cfedad93d9475fd7bcb4f535eff214c318ef95ff2d42e9d63e9511e468b54caa	deploy/mcp-acceptance.Dockerfile
06894ebe77d228af8c7d81183afd8b71bd0db82abec95b001a63843c575cd8c4	docs/acceptance/mcp-protocol.md
d0c5eddead23d3c81945628a962fe2809131daac3af0835abf7be93705062fc6	scripts/fixtures/mcp-acceptance-server.py
25463b861d6a4318e786d6ef7f50c99a6de935de5e14db958446acde9e12479f	scripts/fixtures/workflow-mcp-read.json
bea9f490d1a41718ca7053cbe6bfb82a3e6c9d8bc86ede12d09c00a564d19875	scripts/local-acceptance.py
9ac08d24c95bec8653bde7dd31955f244b95c42f0fe8a7d1877108446bdca0a6	scripts/seed-mcp-acceptance.py
7083739920433fad7f25ce02b93a15265a3c71b6759a54b70e53233b9eed2882	scripts/test-mcp-runtime.py
37dec1a73bb7188e14bebb64cd05026079aa88cf8714a0af40448035a2325d2a	scripts/test-workflow-integration.py
cf71c2086f76d9058d590a4be3b7fe9f6347bd8ba14fda6e4a9ff65a899a33bb	server/db/migrations/manifest.tsv
b2289a46f7c8b74733d55231ea926aec71db561dc70f9c839b954e34d2b76c4a	server/db/migrations/sql/ops-tool-result-status-width.sql
f410ec269e7145603b32639f72fe8f5a0fe20da4e5746d923232a3a32abc6fd2	server/db/migrations/sql/ops-workflow-tool-dispatch-budget.sql
7dafd62f92988556809828de447d63e094e1584a3567da1792174aa7568a52f4	server/orbisops-app/src/test/java/cn/lgs/orbisops/application/mcp/McpDiscoveryApplicationServiceTest.java
0958808ddcffcf5e8b980f6d4364d31921b612f00a66b202b2887e715248602e	server/orbisops-app/src/test/java/cn/lgs/orbisops/architecture/McpCallbackPolicyArchitectureTest.java
ef623bd5cc4fdb379e0de450700e8fd5f27c23562620a7d82e09cf3eafd6cfc6	server/orbisops-app/src/test/java/cn/lgs/orbisops/architecture/McpClientRegistryArchitectureTest.java
9654a28d9137863018d06f27a0bcb929ba22358f18fd1320be45482799cdb152	server/orbisops-app/src/test/java/cn/lgs/orbisops/architecture/McpRemoteClientInvocationArchitectureTest.java
58d6fc55a862d9f1752705af061a25dd7830ebb3093159ac8be3e29b48b68f24	server/orbisops-app/src/test/java/cn/lgs/orbisops/domain/agentdefinition/AgentWorkflowCompilationPipelineTest.java
ea2b947cd7e3a85647d2a5d78beef43583b60c5e10bccad566961b9e4f3fa78b	server/orbisops-app/src/test/java/cn/lgs/orbisops/infrastructure/adapter/repository/WorkflowToolBudgetMySqlTest.java
efe52e53308ea51eec103d7641015d35dd9c234bb123ad04856e1bf684e5dcb7	server/orbisops-app/src/test/java/cn/lgs/orbisops/trigger/application/mcpexecution/OpsMcpExecutionMapperTest.java
e2ea11dd998d585d9026fe10239d68391164a8b01607b0c9452842fcfe71f7d5	server/orbisops-app/src/test/java/cn/lgs/orbisops/trigger/ops/runtime/OpsWorkSessionFinalizerTest.java
b5aa34cc6563d7e8820e6e5181a33ff3f86af4962a67e3b3b56c958f85869876	server/orbisops-app/src/test/java/cn/lgs/orbisops/trigger/ops/runtime/WorkflowMySqlTest.java
a038aea952cbc8ce2b3ee3c5f0957451a54d4aec7c7c5304b8dfd7cea0b7e846	server/orbisops-application/src/main/java/cn/lgs/orbisops/application/mcp/McpAuthoritativeToolDefinition.java
81e2b2a16455492a45daf0dbd654d7792fef5ae1b938b9ee950e428d80791470	server/orbisops-application/src/main/java/cn/lgs/orbisops/application/mcp/McpDiscoveryApplicationService.java
c8f9adae1c4a33989d8cfc26224c1c9194fbba830e53021011e13ffd256d7850	server/orbisops-application/src/main/java/cn/lgs/orbisops/application/mcp/McpDiscoveryModelMapper.java
70b805ce65e3dabba6694b27f04e2eadd4303eb933633c27e7dd4a752ae228fb	server/orbisops-application/src/main/java/cn/lgs/orbisops/application/mcp/McpHydratedToolSchema.java
61c602a09860cd0b03940aecbf6fb87d0bd79863939eb4ef48ea7ed67b1a7b3e	server/orbisops-application/src/main/java/cn/lgs/orbisops/application/mcpexecution/McpExecutionApplicationService.java
e4b74b0f9a3110d31d45b8ffbedcb39d8644ab5dd21f29bf610257261d4999cf	server/orbisops-application/src/main/java/cn/lgs/orbisops/application/workflow/WorkflowToolCallBudgetApplicationService.java
bd165d54a67f9b0766bb5ef1f51478470491dc80caa9d1bfce989a473d05c048	server/orbisops-domain/src/main/java/cn/lgs/orbisops/domain/agentdefinition/compilation/BoundaryNodeCompiler.java
a2df80699dd9120791ac01244e4f36088d7c352ea61921bdb246c32ce19fceb2	server/orbisops-domain/src/main/java/cn/lgs/orbisops/domain/mcpexecution/model/McpExecutionConfig.java
1c4238ee531ad20b1f61957b2e263fe4c6e477ed2e587bd5513b444c27492fdc	server/orbisops-domain/src/main/java/cn/lgs/orbisops/domain/runtime/workflow/adapter/repository/IWorkflowToolCallBudgetRepository.java
384eeca83173b616d020cd9e699e737ac5224036f50da84561e28815b6d678c0	server/orbisops-domain/src/main/java/cn/lgs/orbisops/domain/runtime/workflow/service/WorkflowToolCallBudgetPolicy.java
66e8f5da6feaed70fe669392522621042ef60c38ec75347da6b542b53d353555	server/orbisops-infrastructure/src/main/java/cn/lgs/orbisops/infrastructure/adapter/repository/JdbcWorkSessionRunRepository.java
c2fd3e668118bd3cc10863feff1b0713c812787c916b7d6e10db4b2f490c9269	server/orbisops-infrastructure/src/main/java/cn/lgs/orbisops/infrastructure/adapter/repository/JdbcWorkflowToolCallBudgetRepository.java
8a1d15406610ab5d3fc2a590b2e628686bfed89e6be3b6171ba2fb8b2260323f	server/orbisops-trigger/src/main/java/cn/lgs/orbisops/trigger/application/mcp/OpsMcpSchemaHydrationRequestMapper.java
a7084c435f7d3432206c1eff79691c405a12aa8a7467e2ab2a1134912b6425b3	server/orbisops-trigger/src/main/java/cn/lgs/orbisops/trigger/application/mcp/OpsMcpToolSnapshotStoreAdapter.java
0603b4d8b3b7aa2f2d39b92e21385db99bcbafac827514ec7625de4359571ad2	server/orbisops-trigger/src/main/java/cn/lgs/orbisops/trigger/application/mcpexecution/OpsMcpExecutionMapper.java
4aa939d3df54b65dfa98e7e7602a18b2cf0268cac56c626925504241d2372b4e	server/orbisops-trigger/src/main/java/cn/lgs/orbisops/trigger/application/mcpexecution/OpsMcpExecutionRuntimeAdapter.java
21c4349bbdb73b1693e1cb84e1e4393535c09f74259a104aacb0462823fae266	server/orbisops-trigger/src/main/java/cn/lgs/orbisops/trigger/ops/capability/OpsMcpCapabilityImporter.java
9bcfa2f624e5a317a66d2b3c57c62b568b30f465df85a0da0d301a5483a23ec2	server/orbisops-trigger/src/main/java/cn/lgs/orbisops/trigger/ops/runtime/OpsMcpCallBudgetConfiguration.java
d6599461f15992414a1b54d8adb727e6b2537e9886660f7bf75899c6f3070402	server/orbisops-trigger/src/main/java/cn/lgs/orbisops/trigger/ops/runtime/OpsMcpCallFailure.java
f22677dbc644a4d6578d20066d62981b7d2942751161f6c509483845cf0cf3e6	server/orbisops-trigger/src/main/java/cn/lgs/orbisops/trigger/ops/runtime/OpsMcpCallResultNormalizer.java
a15f70301ca7faad9cc1b33f809bc82607eef50b2cac67eea4d966ab1d597e40	server/orbisops-trigger/src/main/java/cn/lgs/orbisops/trigger/ops/runtime/OpsMcpClientCacheState.java
cba557e2b1b285f6433bdba6e955245d0f4598edaf5a390771ef4c305a032cbb	server/orbisops-trigger/src/main/java/cn/lgs/orbisops/trigger/ops/runtime/OpsMcpClientFactory.java
aa4167af228b851be01c0d4309d01b31351311c0f1f18e9b878a802f8eacb43f	server/orbisops-trigger/src/main/java/cn/lgs/orbisops/trigger/ops/runtime/OpsMcpClientHandleService.java
b9b33407f9fe9ad51a7d02a55a19e22da627ec9c5b9b8764404dea95dd33964c	server/orbisops-trigger/src/main/java/cn/lgs/orbisops/trigger/ops/runtime/OpsMcpClientRegistry.java
a771ba29aeafa887563bd4bd1e546df7d98ebd3cf9bd488a0bb5a91795d03830	server/orbisops-trigger/src/main/java/cn/lgs/orbisops/trigger/ops/runtime/OpsMcpFailureClassifier.java
0d1675df4efcb5fb6818e414466bb05c2660e38047c8bdcfb6fd6c2e4e8f8b31	server/orbisops-trigger/src/main/java/cn/lgs/orbisops/trigger/ops/runtime/OpsMcpFullResultToolCallback.java
5e725c83ce652ec7ffaf89eb95c7207fa2a8d3ab36911f9a063b4d8b90ad7db8	server/orbisops-trigger/src/main/java/cn/lgs/orbisops/trigger/ops/runtime/OpsMcpInvocationResiliencePolicy.java
c1543632dfb7db5f4ee15ea2f28ffebfcc970051ab9a36183c9ecc6dd041745d	server/orbisops-trigger/src/main/java/cn/lgs/orbisops/trigger/ops/runtime/OpsMcpLogicalCall.java
8ffe06b49482ac03fe1e15c542a8894a1b6eac7deb36d8e0db51e436d3c13640	server/orbisops-trigger/src/main/java/cn/lgs/orbisops/trigger/ops/runtime/OpsMcpRemoteClientAdapter.java
af249220e2f7f5180b79eaa8df295955c70bbf6f24a2a3631f48365ce3b6b45b	server/orbisops-trigger/src/main/java/cn/lgs/orbisops/trigger/ops/runtime/OpsMcpRemoteInvocationAdapter.java
fb0c357c0430a5bdf0dd50226ef57571800f89267e17ba6566f64c6fdd35a569	server/orbisops-trigger/src/main/java/cn/lgs/orbisops/trigger/ops/runtime/OpsMcpRequestScope.java
c205dd7954212f828c5e0b77c27e343bd924d5a37e80809adeef554e58b930d7	server/orbisops-trigger/src/main/java/cn/lgs/orbisops/trigger/ops/runtime/OpsMcpRuntimeCatalogReconciler.java
4408afe1f9b16a23bae42dea981587673cf829a1a1e533af07bb943dc55a8bcd	server/orbisops-trigger/src/main/java/cn/lgs/orbisops/trigger/ops/runtime/OpsMcpServerConfig.java
ecc37cc7608cce9a57cfd27faeabfef9637123278146e06f9a616ff3421d5dec	server/orbisops-trigger/src/main/java/cn/lgs/orbisops/trigger/ops/runtime/OpsMcpSingleAttemptTransport.java
99d1d72e817c70e07aa63e5dba7fde5a59c9cc058ff01db8b7206763c3e369ad	server/orbisops-trigger/src/main/java/cn/lgs/orbisops/trigger/ops/runtime/OpsModelProviderFailureClassifier.java
405974b1a236bfcd605e71755dd172d06e6bbeb5dafbb86fdcb5e23c61c23bbd	server/orbisops-trigger/src/main/java/cn/lgs/orbisops/trigger/ops/runtime/OpsProgressiveMcpCallbackAdapter.java
2aae1bf9524a09f236f7f5f04f5c0b27222bea6f0f4113f7b6ad6354306b3898	server/orbisops-trigger/src/main/java/cn/lgs/orbisops/trigger/ops/runtime/OpsProgressiveMcpInvocationService.java
3c18980a8dea0ae40636a501e6232e1b30445b12063f8a9126fbd1f87775669a	server/orbisops-trigger/src/main/java/cn/lgs/orbisops/trigger/ops/runtime/OpsWorkSessionFinalizer.java
48c3284f11f5b9af2184a6fdfd60dbbd90d882b93421a00cc9d226c55e44c883	server/orbisops-trigger/src/test/java/cn/lgs/orbisops/trigger/ops/runtime/OpsMcpCallResultNormalizerTest.java
84439aebfd1b26a0bee864d6bb302d4dc50ceba5af7c8868b8db8ee6bf7fa707	server/orbisops-trigger/src/test/java/cn/lgs/orbisops/trigger/ops/runtime/OpsMcpRemoteInvocationAdapterTest.java
017a285aaf02f25bd006585600dcc518cfaf6c8318350f0d4bcb20d0931c4697	server/orbisops-trigger/src/test/java/cn/lgs/orbisops/trigger/ops/runtime/OpsMcpWireIntegrationTest.java
50209320c98a06d2163b8aa6788f6537d0380ad156bde92276b4033db9c846e0	server/orbisops-trigger/src/test/java/cn/lgs/orbisops/trigger/ops/runtime/OpsProgressiveMcpCallbackAdapterTest.java
013df9efa718270fecf811bd06e8119abac8f23b5add5420234d3e477ce8a9c6	server/orbisops-trigger/src/test/java/cn/lgs/orbisops/trigger/ops/runtime/OpsProgressiveMcpInvocationServiceTest.java
