# service	version	description	sql_path	checksum	created_at
orbisops	001	baseline-schema	db/migrations/sql/orbisops.sql	fe33f67096f8feb05cb604e94b0c4d01e4cf3e34ded0910032c0b29a29e531ce	2026-07-02
orbisops	002	admin-auth	db/migrations/sql/admin-auth.sql	6363a9711c31c1d3eeb13f6674841034c97f4fecbb905d08fe30b5f9c2e2cebd	2026-07-02
orbisops	003	ops-agent-runtime	db/migrations/sql/ops-agent-runtime.sql	ead141baba878a0690e2511f596e0e5428d5e002cb41e4336540f37563f17987	2026-07-02
orbisops	006	ops-production-hardening	db/migrations/sql/ops-production-hardening.sql	38302f114649d762e1bf2e6a4c7a5f07a74e45bd40209cd4769026bd590b4e1b	2026-07-02
orbisops	008	controlled-ops-change-plan	db/migrations/sql/ops-controlled-change.sql	cde5c6715711daa462caa3bd2bbf7735f00d94c42775f04ad5eb32d70e994b99	2026-07-02
orbisops	009	ops-source-repository	db/migrations/sql/ops-source-repository.sql	2c7d63a4f320aabc14ef4925766d406491a3bf45292ddfaec9a5a38c0d1f34c7	2026-07-02
orbisops	010	ops-change-dry-run	db/migrations/sql/ops-change-dry-run.sql	bf02d1d461395eab888944c65838412fe5484759f776a26406234980842efea8	2026-07-02
orbisops	012	ops-change-verification	db/migrations/sql/ops-change-verification.sql	8842231e6dfcd7cc7fe9b776c8ec53a57436ad9d80d943550fca8b653280909b	2026-07-02
orbisops	013	ops-change-control-hardening	db/migrations/sql/ops-change-control-hardening.sql	465c2133df6055d47b3fa3d42a8c36fd870421032a26cc06d865a62a8a005991	2026-07-02
orbisops	014	explicit-project-ownership	db/migrations/sql/ops-project-ownership.sql	293bca1367d89f683f5116aff1f668e949a1ffef1e5be35a9bdadc9eeb3f0036	2026-07-02
orbisops	015	project-agent-hard-cut	db/migrations/sql/ops-project-agent-hard-cut.sql	aa3af82fc03acaae1afbde6da861d0a4f1e0fe48f43f2f7fb9f4bbee554bf062	2026-07-02
orbisops	016	agent-snapshot-repair	db/migrations/sql/ops-agent-snapshot-repair.sql	f135f02da25c10310ddb5d6ba8ad7f060d548805b6dc1af3e97c87f446d33bcb	2026-07-02
orbisops	017	agent-version-state-repair	db/migrations/sql/ops-agent-version-state-repair.sql	82708603f55b4c33e37faf6fe11f1245349b8e8cf061733b2d35a20582ebb052	2026-07-02
orbisops	018	ops-agent-audit	db/migrations/sql/ops-agent-audit.sql	46ddc3fd593b40d20c5918abc2f1a6a8ba7bc6410a76b0d1d4b55685e3bf7d09	2026-07-02
orbisops	019	ops-agent-run	db/migrations/sql/ops-agent-run.sql	70e78529808ee258f0892c4f24c52c7ed6f0c3248780a76648d7268362077c8c	2026-07-02
orbisops	020	ops-agent-capability-binding	db/migrations/sql/ops-agent-capability-binding.sql	a1d265aaff333dbb34b3aae536b334cdcf9636b91cfae07c737f83e93425fae2	2026-07-02
orbisops	021	ops-config-audit-governance	db/migrations/sql/ops-config-audit-governance.sql	a7275d9f746eeb01c765a2e4ba7fbc587a34be4cbc5552d757714c83a93ce399	2026-07-02
orbisops	022	ops-execution-adapter-template	db/migrations/sql/ops-execution-adapter-template.sql	7ee56befe49fa270b7839a1219536a93160dfbfee3663709d734b26fe6f85b26	2026-07-02
orbisops	023	ops-knowledge-catalog	db/migrations/sql/ops-knowledge-catalog.sql	8d3b074f2059b8cc017536fa2d84357141ae552f14140ec0dc94d641f6c512c9	2026-07-02
orbisops	024	ops-mcp-template	db/migrations/sql/ops-mcp-template.sql	531fd9499f1be9bd915370b6b07446071c7b7bdba676f47b98436212fe0d2b77	2026-07-02
orbisops	025	ops-model-default-policy	db/migrations/sql/ops-model-default-policy.sql	f2bc61be704927a1da1030b58c8a30a126a373cc89aebb0894675bd6b8857a15	2026-07-02
orbisops	026	ops-model-description	db/migrations/sql/ops-model-description.sql	17e22f07b0691a8a0b3d1396b5220fe3a64a65ba1c0246fa71ddaff8175c65a8	2026-07-02
orbisops	027	ops-model-provider-health	db/migrations/sql/ops-model-provider-health.sql	b1bce476009a23cbab8f3920019da74fc7c428fd9dccb7e62c8702eac84b42ad	2026-07-02
orbisops	028	ops-model-provider-metadata	db/migrations/sql/ops-model-provider-metadata.sql	4959a16f2577ad21cd7ca7e692894c0c41c684986b2864abbe7d21b85ab1b6d8	2026-07-02
orbisops	029	ops-project-member	db/migrations/sql/ops-project-member.sql	835446c37b7ade13a2b30317cf563b5716d53e9a223a7ee02764b6a875d1a0a3	2026-07-02
orbisops	030	ops-skill-catalog	db/migrations/sql/ops-skill-catalog.sql	ec3987b6078793fc4928c362007128df7c7a4dad5215fedc9aae0aba3006bda2	2026-07-02
orbisops	031	ops-memory-context	db/migrations/sql/ops-memory-context.sql	526553458bf15b79f1a9c866a2c8a569f1b86dd0354a52f5f3ed997dcc1f41a4	2026-07-02
orbisops	032	ops-skill-evolution	db/migrations/sql/ops-skill-evolution.sql	b5f09b16b231d3d2623806dc72b55962c2f6d603f81115d8a0575214367c9b87	2026-07-02
orbisops	034	ops-progressive-mcp	db/migrations/sql/ops-progressive-mcp.sql	df6cb8cd72a60e34709ceebc6fe5b177b6e60cc5ad4ffb5041d62a6a095f738b	2026-07-02
orbisops	035	ops-change-package	db/migrations/sql/ops-change-package.sql	75ab338cd8cc164263aef99e2b7ec617edfbb3f2096085d09679c7b71ab52b34	2026-07-02
orbisops	036	ops-toolset	db/migrations/sql/ops-toolset.sql	ea9a9bf96136fbb4e7734088838e2b09e3f0201822e192a96090a1aecc1cd4b7	2026-07-02
orbisops	037	ops-tool-result	db/migrations/sql/ops-tool-result.sql	b6a327679c84d1c4b4d21ed192d82b221f1ea3b394d05123205151f6cbb26635	2026-07-02
orbisops	038	ops-trusted-proof	db/migrations/sql/ops-trusted-proof.sql	9d252198b537e2bc9860f59ad86dabec33b88b753664ad3f2f23570859b75313	2026-07-02
orbisops	039	ops-runtime-id-width-hardening	db/migrations/sql/ops-runtime-id-width-hardening.sql	2f7ffc1435aa01ec12e9ece28366ae70d09069a6cfc51049cb06cf501b4baf9b	2026-07-03
orbisops	040	ops-intent-memory-skill-channel	db/migrations/sql/ops-intent-memory-skill-channel.sql	4210444807edba226f4587b35ad2177bffcb6f5cf0afcba48d8f9dce9581743a	2026-07-10
orbisops	041	ops-channel-notification	db/migrations/sql/ops-channel-notification.sql	6683e17bba23cd4c22e3b99a4d31455edd21c6fbebfe4d0c334f9fac8ff3ab36	2026-07-14
orbisops	042	ops-channel-outbox-hardening	db/migrations/sql/ops-channel-outbox-hardening.sql	8461158689310c641cc7c99221440e963e572deae72c149100982779db7b9b64	2026-07-14
orbisops	043	ops-landing-operation-journal	db/migrations/sql/ops-landing-operation-journal.sql	f78c0e6942e9f8ebf5d7b344eb8091368605d5041f9e75234eab8a5dc869ccdf	2026-07-15
orbisops	044	ops-channel-outbox-lease-dead-letter	db/migrations/sql/ops-channel-outbox-lease-dead-letter.sql	7ed8f2ee4fed81ef442fee7f0e210f019187d7f0052d2850afbe090280318bad	2026-07-15
orbisops	045	ops-skill-package-v1	db/migrations/sql/ops-skill-package-v1.sql	de7ef442eb64215a742324de9b9287a69c0678738f053d59a929e4fe7b525937	2026-07-15
orbisops	046	ops-landing-executor-protocol	db/migrations/sql/ops-landing-executor-protocol.sql	31ec06f8d00707f4a536d2161784f7ee55bd7eec4dc0e340e7348e9d8f496f4e	2026-07-15
orbisops	047	ops-landing-reconciliation-worker	db/migrations/sql/ops-landing-reconciliation-worker.sql	f1e5c150f950a71ae4ee8b049d147fe40a75fa6bb5a0e62d39fa46dcaba25038	2026-07-15
orbisops	048	ops-skill-package-artifacts	db/migrations/sql/ops-skill-package-artifacts.sql	462a0c5c1909b7add024cf9a504eccd2b6e7961f50eafa3953ad3a0907eb5b81	2026-07-15
orbisops	049	ops-work-session-durability	db/migrations/sql/ops-work-session-durability.sql	355bf33777e687930d8837e6458e01a3349a0cf376f7f2e22aa56f2ad4b841ad	2026-07-15
orbisops	050	ops-agent-evaluation	db/migrations/sql/ops-agent-evaluation.sql	88d6c9edf339358989840dbc3d209b1f33b0e31c0164170028397a1c64f4622a	2026-07-15
orbisops	051	ops-agent-evaluation-regression	db/migrations/sql/ops-agent-evaluation-regression.sql	22672b8f97b70c75b9f833e57d270416f32307ae1415c29c08c136ddb6aecc85	2026-07-15
orbisops	052	ops-analysis-task	db/migrations/sql/ops-analysis-task.sql	d14999a7c7b9d588d1b1a6e92604efb756e97905f2b9016714cad144f3aea0b2	2026-07-15
orbisops	053	ops-alert-outbox-hardening	db/migrations/sql/ops-alert-outbox-hardening.sql	81108aac24eac7448a1ea0be34393e31f9439d66acd5a8a44fcc0f45c7013d84	2026-07-15
orbisops	054	ops-incident-project-aggregation	db/migrations/sql/ops-incident-project-aggregation.sql	bea8621c6b4c4bacf94e804a056d4ee85a786f27340f47e3f4b67758642dc6ea	2026-07-15
orbisops	055	ops-schema-convergence	db/migrations/sql/ops-schema-convergence.sql	6a7c78f287faf38c8197c65dda87797fd6faf901e4c5e4cb5da773d8e83f0dcc	2026-07-15
orbisops	056	ops-runtime-sequence-cas	db/migrations/sql/ops-runtime-sequence-cas.sql	fe470e0e52f631a06f3ea2067c17707fb57e00a555bc15c744e8c58c87b9bb43	2026-07-16
orbisops	057	ops-repair-workspace-writer-lease	db/migrations/sql/ops-repair-workspace-writer-lease.sql	d7e85ecb5bb8457c75b31a366d11bee958f1b34c8de1530d25400e7d7a63e66d	2026-07-16
orbisops	058	ops-agent-microkernel	db/migrations/sql/ops-agent-microkernel.sql	da77c7240480e9d3ae5ad5b8057df624af6d402f5df58207176be68836bee736	2026-07-16
orbisops	059	ops-alert-concurrency-governance	db/migrations/sql/ops-alert-concurrency-governance.sql	3e3d2457fc8801d481f99bed53c40ccd22e4945844489b37f22556850e8741f2	2026-07-16
orbisops	060	ops-analysis-task-feedback	db/migrations/sql/ops-analysis-task-feedback.sql	a5cab457045be8acd9f758423ab9af30b2505ae5a4b9e77acb669f553fcfd53b	2026-07-16
orbisops	061	ops-landing-rollback-coordinator	db/migrations/sql/ops-landing-rollback-coordinator.sql	2f314f18568f5288546dfbe89f05a5f1db0e32da8cb3330d1f4e12a3075f2e66	2026-07-16
orbisops	062	ops-work-session-participant-acl	db/migrations/sql/ops-work-session-participant-acl.sql	181f0b5ad241a6e628a4f918ee0f378c9ebf38ad1e5c9d1546dccaf5f40be1d7	2026-07-16
orbisops	063	ops-agent-entry-version-binding	db/migrations/sql/ops-agent-entry-version-binding.sql	1e2fec70193601d6ea733da7ac4fa4eb21c927a75739d6a16a5ce3760e906951	2026-07-16
orbisops	064	ops-channel-identity-binding	db/migrations/sql/ops-channel-identity-binding.sql	458c001bab1108a4bf12caec71c928497a20172aa12a69a04cd8798b42c42796	2026-07-16
orbisops	065	ops-channel-inbound-durability	db/migrations/sql/ops-channel-inbound-durability.sql	f1d3dcdc697e202333e3d58fa7aa17d8915bee97666f7ff939a1ec6100fff293	2026-07-16
orbisops	066	ops-skill-experience-layer	db/migrations/sql/ops-skill-experience-layer.sql	08f2a2111dd8ca1091dcf94698eb67fc9905d3168873d6bc5175c7de0e359821	2026-07-16
orbisops	067	ops-tool-execution-authoritative-completion	db/migrations/sql/ops-tool-execution-authoritative-completion.sql	1044bf0451d4e8f2180ed14d4ec37ee61d8ab2bb9f1f93c5aa426071ed77dcde	2026-08-03
orbisops	068	ops-completion-projection-downstream-idempotency	db/migrations/sql/ops-completion-projection-downstream-idempotency.sql	523b7c29f1791035497253088da33ad86f219852a99fbf70cfda8658a27d77bd	2026-08-03
orbisops	069	ops-mysql-landing-target-fencing	db/migrations/sql/ops-mysql-landing-target-fencing.sql	c9e4b86412573f883a6c8df8e1d0cc6a5436e809dff2ac5153bdff8db1dafdc6	2026-08-03
orbisops	070	ops-tool-execution-emergency-stop	db/migrations/sql/ops-tool-execution-emergency-stop.sql	60097038739459638992b2263067ed34cad7cd71e352252568d4ccca3532fc21	2026-08-09
orbisops	071	ops-model-provider-name-utf8-repair	db/migrations/sql/ops-model-provider-name-utf8-repair.sql	dc869fb857dbe067f92b128971f81568ea9233daa1242c1590729776a00f0b48	2026-08-13
orbisops	072	ops-config-audit-result-status-width	db/migrations/sql/ops-config-audit-result-status-width.sql	17bedb9df5a8024b26e4dbbacd590967592d93d44986ef867f647aeb019ecdd3	2026-08-15
orbisops	073	ops-agent-node-trace-id-width	db/migrations/sql/ops-agent-node-trace-id-width.sql	93155b48586f7582d983b97b24e11aac341fab5eee731bced617eed3e6391d1f	2026-08-15
orbisops	074	ops-agent-node-trace-identity-width	db/migrations/sql/ops-agent-node-trace-identity-width.sql	316d0af9b7e9e5c1ef203c52d3e8b9b91273480604fbcf1cf2791d393c9c68b5	2026-08-15
orbisops	075	ops-source-repository-access-mode	db/migrations/sql/ops-source-repository-access-mode.sql	078f6be590e8e3b54de72517895c1ee37d381e36ff97de9adea4bf8ffaffed8d	2026-08-19
orbisops	076	ops-agent-edge-schema-convergence	db/migrations/sql/ops-agent-edge-schema-convergence.sql	14f91fd46e39b1508ffee87bc483ff1f291b554385b7908ca2d0c1fb7159ddee	2026-08-19
orbisops	077	ops-memory-durability	db/migrations/sql/ops-memory-durability.sql	73bdf500184d5149ac6cdcf0ef701e915670cb02988ee18eaccd77807823687a	2026-09-08
orbisops	078	ops-tool-result-status-width	db/migrations/sql/ops-tool-result-status-width.sql	b2289a46f7c8b74733d55231ea926aec71db561dc70f9c839b954e34d2b76c4a	2026-09-09
orbisops	079	ops-workflow-tool-dispatch-budget	db/migrations/sql/ops-workflow-tool-dispatch-budget.sql	f410ec269e7145603b32639f72fe8f5a0fe20da4e5746d923232a3a32abc6fd2	2026-09-09
orbisops	080	ops-alert-incident-correlation	db/migrations/sql/ops-alert-incident-correlation.sql	28c6894882a0d9d4fee99d793e4e2b37786931bcf347a152d830540695202a92	2026-09-09
orbisops	081	ops-task-episodes	db/migrations/sql/ops-task-episodes.sql	042d7671c6e0ea07e410af2217e9f235c58e4bff289b9d2a99993da7054288b2	2026-09-09
orbisops	082	ops-task-acceptance	db/migrations/sql/ops-task-acceptance.sql	be52c8bb1347c52c9a6754f32ab6ae081df5852ec3a8a5b232dbd179b2ac8b23	2026-09-09
orbisops	083	ops-skill-evolution-sources	db/migrations/sql/ops-skill-evolution-sources.sql	f524167b8616881a0f60ecd07b0787ad91f6cc248ade3fa048e0fcb46ec2274f	2026-09-09
orbisops	084	ops-skill-evolution-proposals	db/migrations/sql/ops-skill-evolution-proposals.sql	fe8f203a4da704b85e3b39e7fbae268315c287c4daba2a27534fea6717baebef	2026-09-09
orbisops	085	ops-skill-runtime-publication	db/migrations/sql/ops-skill-runtime-publication.sql	0204a832b187879c5188aa43b0470a00ff3e091a8173e74cdb681051b421dd47	2026-09-09
orbisops	086	ops-skill-runtime-budget	db/migrations/sql/ops-skill-runtime-budget.sql	2f5020ae4bd403b2932e6bc36c0d4ac5a6891301ba80a085539794a994c3400c	2026-09-09
orbisops	087	ops-skill-file-projection	db/migrations/sql/ops-skill-file-projection.sql	ea3ead63cf2f8a86dd9161632da973a469d8db60ce4da2e0e8379e0856abcd3c	2026-09-09
orbisops	088	ops-landing-independent-verification	db/migrations/sql/ops-landing-independent-verification.sql	097da653d5aefc44480773d4a8eb7b6a2256d5db61421c5a90129ed86f3bcb1b	2026-09-10
orbisops	089	ops-schedule-creator	db/migrations/sql/ops-schedule-creator.sql	19e327c0ed9315fd6cbfdbb7c2d25a66750c5230de36e2f1d78564c9b065c557	2026-09-10
orbisops	090	ops-skill-canary-review	db/migrations/sql/ops-skill-canary-review.sql	13719f9b2ad2fb7bd07e78f572303b096c6105aa8ba7c900edc17aa9d8918d41	2026-09-12
orbisops	091	ops-change-verification-queue	db/migrations/sql/ops-change-verification-queue.sql	df56136b51b619b0bf039f43611000542bbc7fc333a8933aac3553a23f407508	2026-09-16
orbisops	092	ops-skill-semantic-experience	db/migrations/sql/ops-skill-semantic-experience.sql	5ed34c78712bb210b9a0130eacc56a5979078ad5a641c60e2bdc98c4adb47360	2026-09-22
orbisops	093	ops-mcp-remote-catalog	db/migrations/sql/ops-mcp-remote-catalog.sql	db4daf7e547e5a7f0581aaf36d54252a8183cc64370a62704853e1e0ead36f33	2026-09-26
orbisops	094	ops-skill-atomic-publication	db/migrations/sql/ops-skill-atomic-publication.sql	bd3ab0a982a8a6ae71395bca31276aa0cda36e2d9154a8070e0a0b1f562a1e92	2026-09-26
orbisops	095	ops-skill-publication-retry	db/migrations/sql/ops-skill-publication-retry.sql	325e411120bf9fa589a1fba75257a5dac3b2c1dbd368c84adf5d3c045c213be2	2026-09-26
orbisops	096	ops-skill-maintenance	db/migrations/sql/ops-skill-maintenance.sql	e31cec09b4d2fac6dde1733a8a1429aa4ac0d0a5df5f2f1352c7a4349046b20c	2026-09-27
orbisops	097	ops-mcp-discovery-selection	db/migrations/sql/ops-mcp-discovery-selection.sql	d2fe2bb9b730222a49d1ccc66390221851d90b130134a2ae1006b082b32270be	2026-09-28
orbisops	098	ops-skill-evolution-proposal-history	db/migrations/sql/ops-skill-evolution-proposal-history.sql	f21e8f914294b3dd26185d68087d387ef6a39a556f51c573c6202083efcb9f60	2026-09-29
orbisops	099	ops-skill-source-batches	db/migrations/sql/ops-skill-source-batches.sql	53dfad1d7309d00997429c75c89984c8963ba34279763d10d0d6ae0c6f07684e	2026-10-02
orbisops	100	ops-skill-retry-accounting	db/migrations/sql/ops-skill-retry-accounting.sql	7a853c30a6a3e33027a9586886ff6ac341f6c7660ca0494f4f9f31be3d11162b	2026-10-02
orbisops	101	ops-agent-edge-rule-storage	db/migrations/sql/ops-agent-edge-rule-storage.sql	9aab630f0f9f2077f63e191279d628d863e8e93e924f87a88d1be65e8004cffb	2026-10-03
